TRUNCATE TABLE productions;
TRUNCATE TABLE wells;
TRUNCATE TABLE fields;
TRUNCATE TABLE well_versioned;
TRUNCATE TABLE production_collapsing;

INSERT INTO fields (id, name, region, latitude, longitude)
VALUES
    (1, 'Самотлорское', 'Ханты-Мансийский АО', 61.154, 76.684),
    (2, 'Приобское', 'Ханты-Мансийский АО', 61.000, 73.500),
    (3, 'Ромашкинское', 'Республика Татарстан', 54.900, 52.300),
    (4, 'Мухановское', 'Самарская область', 53.650, 51.350),
    (5, 'Месторождение без скважин', 'Тестовый регион', 50.000, 50.000);

INSERT INTO wells (id, number, status, depth, diameter, field_id)
VALUES
    (1, 'СМ-101', 'active',      3050.0, 0.22, 1),
    (2, 'СМ-102', 'active',      3120.0, 0.22, 1),
    (3, 'ПР-101', 'active',      3400.0, 0.25, 2),
    (4, 'ПР-102', 'maintenance', 3380.0, 0.22, 2),
    (5, 'РМ-101', 'active',      2800.0, 0.18, 3),
    (6, 'МХ-101', 'disabled',    2450.0, 0.16, 4),
    (7, 'NO-FIELD-001', 'active', 2500.0, 0.20, NULL);

INSERT INTO productions (id, well_id, production_date, oil, gas, water)
VALUES
    (1, 1, '2026-03-10', 120.5, 540.0, 18.2),
    (2, 1, '2026-03-11', 42.0,  510.0, 125.0),
    (3, 2, '2026-03-10', 132.0, 560.0, 20.1),
    (4, 2, '2026-03-11', 131.4, 559.0, 20.5),
    (5, 3, '2026-03-10', 55.0,  600.0, 140.0),
    (6, 3, '2026-03-11', 53.0,  610.0, 138.0),
    (7, 5, '2026-03-10', 95.0,  410.0, 15.0),
    (8, 5, '2026-03-11', 96.0,  412.0, 16.0),
    (9, 6, '2026-03-10', 35.0,  220.0, 90.0);

INSERT INTO well_versioned (id, number, status, depth, diameter, field_id, version)
VALUES
    (1, 'СМ-101', 'active',      3050.0, 0.22, 1, 1),
    (1, 'СМ-101', 'maintenance', 3050.0, 0.22, 1, 2),
    (2, 'СМ-102', 'active',      3120.0, 0.22, 1, 1),
    (2, 'СМ-102', 'disabled',    3120.0, 0.22, 1, 2),
    (3, 'ПР-101', 'active',      3400.0, 0.25, 2, 1);

INSERT INTO production_collapsing (id, well_id, production_date, oil, gas, water, version, sign)
VALUES
    (1, 1, '2026-03-10', 120.5, 540.0, 18.2, 1,  1),

    (2, 2, '2026-03-10', 132.0, 560.0, 20.1, 1,  1),
    (2, 2, '2026-03-10', 132.0, 560.0, 20.1, 1, -1),

    (3, 3, '2026-03-10', 55.0,  600.0, 140.0, 1,  1),
    (3, 3, '2026-03-10', 55.0,  600.0, 140.0, 1, -1),
    (3, 3, '2026-03-10', 65.0,  620.0, 120.0, 2,  1);